"","Email","LI_FULLNAME","LI_TITLE","LI_LOCATION","LI_INDUSTRY","LI_CURRENTCOMPANY","LI_CONNECTIONS_NUM","LI_PASTCOMPANIES","LI_EXPERIENCE","LI_EDUCATION","LI_SKILLS","TW_description","TW_location","TW_statusesCount_NUM","TW_followersCount_NUM","TW_favoritesCount_NUM","TW_friendsCount_NUM","TW_listedCount_NUM","TW_Latest_Tweets","TW_Retweets_NUM","FB_Location","FB_Hometown","FB_Friends_NUM","FB_Married","FB_Followers_NUM","FB_Education","FB_Schools","FB_Job","FB_Company","FB_Graduation","FB_Age_NUM","FB_SchoolingYears","FB_Movies_NUM","FB_Music_NUM","FB_Sports_NUM"
"1",1,0.996784565916399,0.996784565916399,0.996784565916399,0.948553054662379,0.466237942122186,0.996784565916399,0.768488745980707,1,0.80064308681672,1,0.0353697749196141,0.0353697749196141,0.0353697749196141,0.0353697749196141,0.0353697749196141,0.0353697749196141,0.0353697749196141,0.0353697749196141,0.0353697749196141,0.00321543408360129,0.0128617363344051,0.00643086816720257,0,0.0128617363344051,0.0128617363344051,0.0128617363344051,0.0160771704180064,0.0160771704180064,0.00321543408360129,0,0.00643086816720257,0.0160771704180064,0.0160771704180064,0.0160771704180064
