"","PCA 1","PCA 2","PCA 3","PCA 4","PCA 5","PCA 6"
"TW_statusesCount_NUM",-0.984497029838243,0.175153460414986,-0.00918891975335764,-0.00120226782393714,0.000546617505166873,0.000826474127526957
"TW_followersCount_NUM",-0.0888370789664474,-0.521963881600117,-0.518191998415364,0.671583255772955,0.00896813169478105,0.00585112495538316
"TW_favoritesCount_NUM",-0.0188087134843678,-0.148405745322454,-0.721437474001532,-0.675084295401841,0.0285240775522874,0.0244440025411253
"TW_friendsCount_NUM",-0.150038556432884,-0.821393404612199,0.45815685744288,-0.304766685443367,0.00315649840180728,-0.00095099047555776
"TW_listedCount_NUM",-0.00286841697506499,-0.0125908683192765,-0.0317191099281123,-0.0187417684594365,-0.799131056695023,-0.599887856707319
"TW_Retweets_NUM",-8.77783806387027e-05,-0.00224750070716409,0.0026037822068187,0.00130106808245065,-0.600404231802487,0.799688206121146
